,Date,Open,High,Low,Close
1,2015-02-09,42.24,42.74,42.21,42.36
2,2015-02-10,42.74,42.77,42.18,42.6
3,2015-02-11,42.65,42.65,42.21,42.38
4,2015-02-12,42.66,43.09,42.51,43.09
5,2015-02-13,43.38,43.87,43.15,43.87
6,2015-02-17,43.97,44.0,43.19,43.58
7,2015-02-18,43.63,43.7,43.39,43.53
8,2015-02-19,43.18,43.53,43.05,43.5
9,2015-02-20,43.51,43.88,43.29,43.86
10,2015-02-23,43.7,44.19,43.65,44.15
11,2015-02-24,44.15,44.3,43.92,44.09
12,2015-02-25,43.95,44.09,43.8,43.99
13,2015-02-26,43.99,44.23,43.89,44.06
14,2015-02-27,44.13,44.2,43.66,43.85
15,2015-03-02,43.67,44.19,43.55,43.88
16,2015-03-03,43.56,43.83,43.09,43.28
17,2015-03-04,43.01,43.21,42.88,43.06
18,2015-03-05,43.07,43.24,42.82,43.11
19,2015-03-06,43.0,43.11,42.15,42.36
20,2015-03-09,42.19,43.13,42.19,42.85
21,2015-03-10,42.35,42.71,42.03,42.03
22,2015-03-11,42.31,42.37,41.84,41.98
23,2015-03-12,41.33,41.65,40.86,41.02
24,2015-03-13,40.7,41.47,40.61,41.38
25,2015-03-16,41.47,41.64,41.28,41.56
26,2015-03-17,41.37,41.83,41.15,41.7
27,2015-03-18,41.43,42.83,41.33,42.5
28,2015-03-19,42.26,42.59,42.22,42.29
29,2015-03-20,42.56,42.98,42.49,42.88
30,2015-03-23,42.88,43.13,42.78,42.86
31,2015-03-24,42.78,43.17,42.75,42.9
32,2015-03-25,42.92,42.93,41.44,41.46
33,2015-03-26,41.22,41.61,40.92,41.21
34,2015-03-27,41.12,41.43,40.83,40.97
35,2015-03-30,41.1,41.54,40.91,40.96
36,2015-03-31,40.78,41.03,40.54,40.66
37,2015-04-01,40.6,40.76,40.31,40.72
38,2015-04-02,40.66,40.74,40.12,40.29
39,2015-04-06,40.34,41.78,40.18,41.55
40,2015-04-07,41.61,41.91,41.31,41.53
41,2015-04-08,41.46,41.69,41.04,41.42
42,2015-04-09,41.25,41.62,41.25,41.48
43,2015-04-10,41.63,41.95,41.41,41.72
44,2015-04-13,41.4,42.06,41.39,41.76
45,2015-04-14,41.8,42.03,41.39,41.65
46,2015-04-15,41.76,42.46,41.68,42.26
47,2015-04-16,41.95,42.34,41.82,42.16
48,2015-04-17,41.67,41.74,41.16,41.62
49,2015-04-20,41.73,43.17,41.68,42.91
50,2015-04-21,43.0,43.15,42.53,42.64
51,2015-04-22,42.67,43.13,42.55,42.99
52,2015-04-23,42.89,43.61,42.8,43.34
53,2015-04-24,45.66,48.14,45.65,47.87
54,2015-04-27,47.23,48.13,47.22,48.03
55,2015-04-28,47.78,49.21,47.7,49.16
56,2015-04-29,48.72,49.31,48.5,49.06
57,2015-04-30,48.7,49.54,48.6,48.64
58,2015-05-01,48.58,48.88,48.4,48.66
59,2015-05-04,48.37,48.87,48.18,48.24
60,2015-05-05,47.82,48.16,47.31,47.6
61,2015-05-06,47.57,47.77,46.02,46.28
62,2015-05-07,46.27,47.09,46.16,46.7
63,2015-05-08,47.55,47.98,47.52,47.75
64,2015-05-11,47.55,47.91,47.37,47.37
65,2015-05-12,46.85,47.68,46.42,47.35
66,2015-05-13,48.19,48.32,47.57,47.63
67,2015-05-14,48.03,48.82,48.03,48.72
68,2015-05-15,48.87,48.91,48.05,48.3
69,2015-05-18,47.98,48.22,47.61,48.01
70,2015-05-19,47.56,47.81,47.18,47.58
71,2015-05-20,47.39,47.93,47.27,47.58
72,2015-05-21,47.28,47.6,47.01,47.42
73,2015-05-22,47.3,47.35,46.82,46.9
74,2015-05-26,46.83,46.88,46.19,46.59
75,2015-05-27,46.82,47.77,46.62,47.61
76,2015-05-28,47.5,48.02,47.39,47.45
77,2015-05-29,47.43,47.57,46.59,46.86
78,2015-06-01,47.06,47.77,46.62,47.23
79,2015-06-02,46.93,47.35,46.62,46.92
80,2015-06-03,47.37,47.74,46.82,46.85
81,2015-06-04,46.79,47.16,46.2,46.36
82,2015-06-05,46.31,46.52,45.84,46.14
83,2015-06-08,46.3,46.43,45.67,45.73
84,2015-06-09,45.76,45.94,45.46,45.65
85,2015-06-10,45.79,46.83,45.69,46.61
86,2015-06-11,46.66,46.92,46.13,46.44
87,2015-06-12,46.22,46.47,45.9,45.97
88,2015-06-15,45.45,45.65,45.02,45.48
89,2015-06-16,45.35,46.24,45.3,45.83
90,2015-06-17,45.73,46.07,45.36,45.97
91,2015-06-18,46.22,46.8,46.17,46.72
92,2015-06-19,46.79,46.83,45.99,46.1
93,2015-06-22,46.33,46.72,46.16,46.23
94,2015-06-23,46.13,46.28,45.62,45.91
95,2015-06-24,45.67,46.25,45.55,45.64
96,2015-06-25,46.03,46.06,45.5,45.65
97,2015-06-26,45.65,46.28,45.03,45.26
98,2015-06-29,45.04,45.23,44.36,44.37
99,2015-06-30,44.71,44.72,43.94,44.15
100,2015-07-01,44.46,45.23,44.1,44.45
101,2015-07-02,44.48,44.75,44.06,44.4
102,2015-07-06,43.96,44.48,43.95,44.39
103,2015-07-07,44.34,44.49,43.32,44.3
104,2015-07-08,44.44,44.9,44.03,44.24
105,2015-07-09,44.75,45.22,44.5,44.52
106,2015-07-10,45.01,45.14,44.57,44.61
107,2015-07-13,44.98,45.62,44.95,45.54
108,2015-07-14,45.45,45.96,45.31,45.62
109,2015-07-15,45.68,45.89,45.43,45.76
110,2015-07-16,46.01,46.69,45.97,46.66
111,2015-07-17,46.55,46.78,46.26,46.62
112,2015-07-20,46.65,47.13,46.44,46.92
113,2015-07-21,46.78,47.33,46.48,47.28
114,2015-07-22,45.44,46.93,45.2,45.54
115,2015-07-23,45.27,46.23,45.1,46.11
116,2015-07-24,45.91,46.32,45.8,45.94
117,2015-07-27,45.94,46.01,45.25,45.35
118,2015-07-28,45.58,45.64,44.79,45.34
119,2015-07-29,45.4,46.78,45.26,46.29
120,2015-07-30,46.26,47.4,45.93,46.88
121,2015-07-31,47.29,47.37,46.5,46.7
122,2015-08-03,46.98,47.0,46.45,46.81
123,2015-08-04,46.75,47.71,46.68,47.54
124,2015-08-05,47.98,48.41,47.54,47.58
125,2015-08-06,47.71,47.77,46.33,46.62
126,2015-08-07,46.39,46.78,46.26,46.74
127,2015-08-10,46.95,47.49,46.84,47.33
128,2015-08-11,46.82,46.94,45.9,46.41
129,2015-08-12,46.19,46.9,45.71,46.74
130,2015-08-13,47.06,47.1,46.49,46.73
131,2015-08-14,46.53,47.1,46.52,47.0
132,2015-08-17,46.81,47.45,46.57,47.32
133,2015-08-18,46.84,47.43,46.7,47.27
134,2015-08-19,46.78,47.08,46.3,46.61
135,2015-08-20,46.07,46.47,45.66,45.66
136,2015-08-21,45.3,45.48,43.07,43.07
137,2015-08-24,40.45,43.31,39.72,41.68
138,2015-08-25,42.57,43.24,40.39,40.47
139,2015-08-26,42.01,42.84,41.06,42.71
140,2015-08-27,43.23,43.95,42.93,43.9
141,2015-08-28,43.4,44.15,43.39,43.93
142,2015-08-31,43.56,43.93,43.1,43.52
143,2015-09-01,42.17,42.59,41.66,41.82
144,2015-09-02,42.36,43.38,41.88,43.36
145,2015-09-03,43.41,43.98,43.28,43.5
146,2015-09-04,42.81,43.04,42.2,42.61
147,2015-09-08,43.3,44.0,43.2,43.89
148,2015-09-09,44.21,44.4,42.91,43.07
149,2015-09-10,43.12,43.79,42.75,43.29
150,2015-09-11,43.14,43.59,42.94,43.48
151,2015-09-14,43.43,43.44,42.86,43.04
152,2015-09-15,43.19,44.29,43.08,43.98
153,2015-09-16,43.97,44.38,43.84,44.3
154,2015-09-17,44.29,45.0,44.08,44.25
155,2015-09-18,43.5,43.99,43.33,43.48
156,2015-09-21,43.62,44.47,43.6,44.11
157,2015-09-22,43.38,44.05,43.31,43.9
158,2015-09-23,43.93,44.17,43.51,43.87
159,2015-09-24,43.45,44.13,43.27,43.91
160,2015-09-25,44.48,44.73,43.76,43.94
161,2015-09-28,43.83,44.09,43.21,43.29
162,2015-09-29,43.37,43.57,43.05,43.44
163,2015-09-30,43.88,44.3,43.66,44.26
164,2015-10-01,44.75,44.75,43.75,44.61
165,2015-10-02,44.27,45.57,43.92,45.57
166,2015-10-05,45.75,46.89,45.7,46.63
167,2015-10-06,46.33,47.18,46.22,46.75
168,2015-10-07,47.1,47.35,45.95,46.8
169,2015-10-08,46.56,47.52,46.5,47.45
170,2015-10-09,47.45,47.54,46.92,47.11
171,2015-10-12,46.98,47.07,46.5,47.0
172,2015-10-13,46.56,47.13,46.56,46.89
173,2015-10-14,46.65,47.1,46.53,46.68
174,2015-10-15,47.01,47.03,46.53,47.01
175,2015-10-16,47.02,47.54,46.9,47.51
176,2015-10-19,47.42,47.88,47.02,47.62
177,2015-10-20,47.44,47.81,47.02,47.77
178,2015-10-21,47.92,47.99,47.11,47.2
179,2015-10-22,47.53,48.95,47.09,48.03
180,2015-10-23,52.3,54.07,52.25,52.87
181,2015-10-26,52.53,54.32,52.5,54.25
182,2015-10-27,53.99,54.37,53.58,53.69
183,2015-10-28,53.54,53.98,52.86,53.98
184,2015-10-29,53.54,53.83,53.22,53.36
185,2015-10-30,53.32,53.99,52.62,52.64
186,2015-11-02,52.85,53.36,52.62,53.24
187,2015-11-03,52.93,54.39,52.9,54.15
188,2015-11-04,54.18,54.88,54.06,54.4
189,2015-11-05,54.49,54.7,54.0,54.38
190,2015-11-06,54.09,54.98,53.96,54.92
191,2015-11-09,54.55,54.87,53.56,54.16
192,2015-11-10,54.07,54.13,53.27,53.51
193,2015-11-11,53.7,54.2,53.46,53.65
194,2015-11-12,53.48,53.98,53.19,53.32
195,2015-11-13,53.07,53.29,52.53,52.84
196,2015-11-16,53.08,53.89,52.85,53.77
197,2015-11-17,53.17,53.53,52.85,52.97
198,2015-11-18,53.0,53.98,52.98,53.85
199,2015-11-19,53.99,54.66,53.78,53.94
200,2015-11-20,54.25,54.3,53.27,54.19
201,2015-11-23,54.25,54.46,53.75,54.19
202,2015-11-24,53.92,54.44,53.58,54.25
203,2015-11-25,54.09,54.23,53.69,53.69
204,2015-11-27,53.8,54.08,53.79,53.93
205,2015-11-30,54.54,54.96,54.0,54.35
206,2015-12-01,54.41,55.23,54.3,55.22
207,2015-12-02,55.32,55.96,55.06,55.21
208,2015-12-03,55.49,55.77,53.93,54.2
209,2015-12-04,54.12,56.23,54.1,55.91
210,2015-12-07,55.79,55.97,55.29,55.81
211,2015-12-08,55.47,56.1,54.99,55.79
212,2015-12-09,55.37,55.87,54.51,54.98
213,2015-12-10,55.39,55.66,55.01,55.27
214,2015-12-11,54.71,55.1,54.01,54.06
215,2015-12-14,54.33,55.21,53.68,55.14
216,2015-12-15,55.66,55.9,55.09,55.2
217,2015-12-16,55.54,56.25,54.76,56.13
218,2015-12-17,56.36,56.79,55.53,55.7
219,2015-12-18,55.77,56.0,54.03,54.13
220,2015-12-21,54.88,55.35,54.23,54.83
221,2015-12-22,54.99,55.48,54.5,55.35
222,2015-12-23,55.7,55.88,55.44,55.82
223,2015-12-24,55.86,55.96,55.43,55.67
224,2015-12-28,55.35,55.95,54.98,55.95
225,2015-12-29,56.29,56.85,56.06,56.55
226,2015-12-30,56.47,56.78,56.29,56.31
227,2015-12-31,56.04,56.19,55.42,55.48
228,2016-01-04,54.32,54.8,53.39,54.8
229,2016-01-05,54.93,55.39,54.54,55.05
230,2016-01-06,54.32,54.4,53.64,54.05
231,2016-01-07,52.7,53.49,52.07,52.17
232,2016-01-08,52.37,53.28,52.15,52.33
233,2016-01-11,52.51,52.85,51.46,52.3
234,2016-01-12,52.76,53.1,52.06,52.78
235,2016-01-13,53.8,54.07,51.3,51.64
236,2016-01-14,52.0,53.42,51.57,53.11
237,2016-01-15,51.31,51.97,50.34,50.99
238,2016-01-19,51.48,51.68,50.06,50.56
239,2016-01-20,49.98,51.38,49.1,50.79
240,2016-01-21,51.0,51.58,50.3,50.48
241,2016-01-22,51.41,52.33,51.26,52.29
242,2016-01-25,51.94,52.65,51.65,51.79
243,2016-01-26,51.79,52.44,51.55,52.17
244,2016-01-27,52.01,52.2,51.02,51.22
245,2016-01-28,51.86,52.21,51.25,52.06
246,2016-01-29,54.73,55.09,54.0,55.09
247,2016-02-01,54.88,55.09,54.5,54.71
248,2016-02-02,54.17,54.26,52.65,53.0
249,2016-02-03,53.25,53.39,51.26,52.16
250,2016-02-04,52.1,52.81,51.37,52.0
251,2016-02-05,51.94,52.0,49.56,50.16
252,2016-02-08,49.55,49.57,48.19,49.41
253,2016-02-09,49.02,50.24,48.67,49.28
254,2016-02-10,49.89,50.39,49.52,49.71
255,2016-02-11,48.68,50.11,48.51,49.69
256,2016-02-12,50.25,50.68,49.75,50.5
257,2016-02-16,50.9,51.09,50.13,51.09
258,2016-02-17,51.49,52.77,51.45,52.42
259,2016-02-18,52.33,52.95,52.1,52.19
260,2016-02-19,51.97,52.28,51.53,51.82
261,2016-02-22,52.28,53.0,52.28,52.65
262,2016-02-23,52.34,52.37,50.98,51.18
263,2016-02-24,50.69,51.5,50.2,51.36
264,2016-02-25,51.73,52.1,50.61,52.1
265,2016-02-26,52.6,52.68,51.1,51.3
266,2016-02-29,51.35,51.65,50.66,50.88
267,2016-03-01,50.97,52.59,50.92,52.58
268,2016-03-02,52.41,52.96,52.16,52.95
269,2016-03-03,52.97,52.97,51.78,52.35
270,2016-03-04,52.4,52.45,51.71,52.03
271,2016-03-07,51.56,51.8,50.58,51.03
272,2016-03-08,50.8,52.13,50.6,51.65
273,2016-03-09,51.89,52.85,51.86,52.84
274,2016-03-10,52.93,52.94,51.16,52.05
275,2016-03-11,53.0,53.07,52.38,53.07
276,2016-03-14,52.71,53.59,52.63,53.17
277,2016-03-15,52.75,53.59,52.74,53.59
278,2016-03-16,53.45,54.6,53.4,54.35
279,2016-03-17,54.21,55.0,54.0,54.66
280,2016-03-18,54.92,54.97,53.45,53.49
281,2016-03-21,53.25,53.93,52.93,53.86
282,2016-03-22,53.61,54.25,53.46,54.07
283,2016-03-23,54.11,54.24,53.74,53.97
284,2016-03-24,53.84,54.33,53.73,54.21
285,2016-03-28,54.21,54.29,53.33,53.54
286,2016-03-29,53.66,54.86,53.45,54.71
287,2016-03-30,54.93,55.64,54.9,55.05
288,2016-03-31,54.95,55.59,54.86,55.23
289,2016-04-01,55.05,55.61,54.57,55.57
290,2016-04-04,55.43,55.66,55.0,55.43
291,2016-04-05,55.19,55.3,54.46,54.56
292,2016-04-06,54.36,55.2,54.21,55.12
293,2016-04-07,54.87,54.91,54.23,54.46
294,2016-04-08,54.67,55.28,54.32,54.42
295,2016-04-11,54.49,55.15,54.3,54.31
296,2016-04-12,54.37,54.78,53.76,54.65
297,2016-04-13,55.12,55.44,54.89,55.35
298,2016-04-14,55.22,55.58,55.07,55.36
299,2016-04-15,55.3,55.92,55.11,55.65
300,2016-04-18,55.49,56.59,55.21,56.46
301,2016-04-19,56.63,56.77,55.68,56.39
302,2016-04-20,56.29,56.5,55.49,55.59
303,2016-04-21,55.8,56.23,55.42,55.78
304,2016-04-22,51.91,52.43,50.77,51.78
305,2016-04-25,51.78,52.13,51.63,52.11
306,2016-04-26,52.26,52.35,51.09,51.44
307,2016-04-27,51.48,51.5,50.55,50.94
308,2016-04-28,50.62,50.77,49.56,49.9
309,2016-04-29,49.35,50.25,49.35,49.87
310,2016-05-02,50.0,50.75,49.78,50.61
311,2016-05-03,50.34,50.41,49.6,49.78
312,2016-05-04,49.84,50.06,49.46,49.87
313,2016-05-05,49.87,50.3,49.73,49.94
314,2016-05-06,49.92,50.39,49.66,50.39
315,2016-05-09,50.49,50.59,50.0,50.07
316,2016-05-10,50.33,51.1,50.19,51.02
317,2016-05-11,51.13,51.78,51.0,51.05
318,2016-05-12,51.2,51.81,50.92,51.51
319,2016-05-13,51.44,51.9,51.04,51.08
320,2016-05-16,50.8,51.96,50.75,51.83
321,2016-05-17,51.72,51.73,50.36,50.51
322,2016-05-18,50.48,51.14,50.3,50.81
323,2016-05-19,50.47,50.62,49.82,50.32
324,2016-05-20,50.48,51.22,50.4,50.62
325,2016-05-23,50.6,50.68,49.98,50.03
326,2016-05-24,50.7,51.71,50.4,51.59
327,2016-05-25,51.92,52.49,51.79,52.12
328,2016-05-26,51.93,51.98,51.36,51.89
329,2016-05-27,51.92,52.32,51.77,52.32
330,2016-05-31,52.26,53.0,52.08,53.0
331,2016-06-01,52.44,52.95,52.44,52.85
332,2016-06-02,52.64,52.74,51.84,52.48
333,2016-06-03,52.38,52.42,51.6,51.79
334,2016-06-06,51.99,52.35,51.89,52.13
335,2016-06-07,52.24,52.73,52.1,52.1
336,2016-06-08,52.02,52.44,51.87,52.04
337,2016-06-09,52.0,52.0,51.49,51.62
338,2016-06-10,51.05,52.05,51.04,51.48
339,2016-06-13,49.58,50.72,49.06,50.14
340,2016-06-14,49.9,50.1,49.57,49.83
341,2016-06-15,49.78,50.12,49.69,49.69
342,2016-06-16,49.52,50.47,49.51,50.39
343,2016-06-17,50.41,50.43,49.82,50.13
344,2016-06-20,50.64,50.83,50.03,50.07
345,2016-06-21,50.2,51.43,50.16,51.19
346,2016-06-22,51.08,51.46,50.95,50.99
347,2016-06-23,51.28,52.06,51.15,51.91
348,2016-06-24,49.81,50.94,49.52,49.83
349,2016-06-27,49.1,49.15,48.04,48.43
350,2016-06-28,48.92,49.47,48.67,49.44
351,2016-06-29,49.91,50.72,49.8,50.54
352,2016-06-30,50.72,51.3,50.5,51.17
353,2016-07-01,51.13,51.72,51.07,51.16
354,2016-07-05,50.83,51.28,50.74,51.17
355,2016-07-06,50.78,51.54,50.39,51.38
356,2016-07-07,51.42,51.61,51.07,51.38
357,2016-07-08,51.73,52.36,51.55,52.3
358,2016-07-11,52.5,52.83,52.47,52.59
359,2016-07-12,52.94,53.4,52.79,53.21
360,2016-07-13,53.56,53.86,53.18,53.51
361,2016-07-14,53.84,53.99,53.58,53.74
362,2016-07-15,53.95,54.0,53.21,53.7
363,2016-07-18,53.7,54.34,53.55,53.96
364,2016-07-19,53.71,53.9,52.93,53.09
365,2016-07-20,56.15,56.84,55.53,55.91
366,2016-07-21,55.98,56.23,55.76,55.8
367,2016-07-22,56.08,56.63,55.78,56.57
368,2016-07-25,56.47,56.74,56.26,56.73
369,2016-07-26,56.52,57.29,56.51,56.76
370,2016-07-27,56.61,56.8,56.11,56.19
371,2016-07-28,56.0,56.37,55.72,56.21
372,2016-07-29,56.26,56.76,56.05,56.68
373,2016-08-01,56.6,56.75,56.14,56.58
374,2016-08-02,56.85,56.9,56.31,56.58
375,2016-08-03,56.68,57.11,56.49,56.97
376,2016-08-04,56.8,57.52,56.67,57.39
377,2016-08-05,57.65,58.21,57.45,57.96
378,2016-08-08,58.06,58.09,57.78,58.06
379,2016-08-09,58.17,58.5,58.02,58.2
380,2016-08-10,58.16,58.32,57.82,58.02
381,2016-08-11,58.03,58.45,58.03,58.3
382,2016-08-12,58.03,58.19,57.62,57.94
383,2016-08-15,58.01,58.5,57.96,58.12
384,2016-08-16,57.61,57.62,57.27,57.44
385,2016-08-17,57.54,57.68,57.23,57.56
386,2016-08-18,57.42,57.7,57.27,57.6
387,2016-08-19,57.43,57.73,57.2,57.62
388,2016-08-22,57.6,57.75,57.26,57.67
389,2016-08-23,57.9,58.18,57.85,57.89
390,2016-08-24,57.8,58.04,57.72,57.95
391,2016-08-25,57.88,58.29,57.78,58.17
392,2016-08-26,58.28,58.7,57.69,58.03
393,2016-08-29,58.18,58.6,58.1,58.1
394,2016-08-30,57.98,58.19,57.61,57.89
395,2016-08-31,57.65,57.8,57.3,57.46
396,2016-09-01,57.01,57.82,57.01,57.59
397,2016-09-02,57.67,58.19,57.42,57.67
398,2016-09-06,57.78,57.8,57.21,57.61
399,2016-09-07,57.47,57.84,57.41,57.66
400,2016-09-08,57.63,57.79,57.18,57.43
401,2016-09-09,56.79,57.52,56.21,56.21
402,2016-09-12,56.0,57.21,55.61,57.05
403,2016-09-13,56.5,56.65,56.05,56.53
404,2016-09-14,56.39,56.63,56.03,56.26
405,2016-09-15,56.15,57.35,55.98,57.19
406,2016-09-16,57.63,57.63,56.75,57.25
407,2016-09-19,57.27,57.75,56.85,56.93
408,2016-09-20,57.35,57.35,56.75,56.81
409,2016-09-21,57.51,57.85,57.08,57.76
410,2016-09-22,57.92,58.0,57.63,57.82
411,2016-09-23,57.87,57.91,57.38,57.43
412,2016-09-26,57.08,57.14,56.83,56.9
413,2016-09-27,56.93,58.06,56.68,57.95
414,2016-09-28,57.88,58.06,57.67,58.03
415,2016-09-29,57.81,58.17,57.21,57.4
416,2016-09-30,57.57,57.77,57.34,57.6
417,2016-10-03,57.41,57.55,57.06,57.42
418,2016-10-04,57.27,57.6,56.97,57.24
419,2016-10-05,57.29,57.96,57.26,57.64
420,2016-10-06,57.74,57.86,57.28,57.74
421,2016-10-07,57.85,57.98,57.42,57.8
422,2016-10-10,57.91,58.39,57.87,58.04
423,2016-10-11,57.89,58.02,56.89,57.19
424,2016-10-12,57.11,57.27,56.4,57.11
425,2016-10-13,56.7,57.3,56.32,56.92
426,2016-10-14,57.12,57.74,57.12,57.42
427,2016-10-17,57.36,57.46,56.87,57.22
428,2016-10-18,57.53,57.95,57.41,57.66
429,2016-10-19,57.47,57.84,57.4,57.53
430,2016-10-20,57.5,57.52,56.66,57.25
431,2016-10-21,60.28,60.45,59.49,59.66
432,2016-10-24,59.94,61.0,59.93,61.0
433,2016-10-25,60.85,61.37,60.8,60.99
434,2016-10-26,60.81,61.2,60.47,60.63
435,2016-10-27,60.61,60.83,60.09,60.1
436,2016-10-28,60.01,60.52,59.58,59.87
437,2016-10-31,60.16,60.42,59.92,59.92
438,2016-11-01,59.97,60.02,59.25,59.8
439,2016-11-02,59.82,59.93,59.3,59.43
440,2016-11-03,59.53,59.64,59.11,59.21
441,2016-11-04,58.65,59.28,58.52,58.71
442,2016-11-07,59.78,60.52,59.78,60.42
443,2016-11-08,60.55,60.78,60.15,60.47
444,2016-11-09,60.0,60.59,59.2,60.17
445,2016-11-10,60.48,60.49,57.63,58.7
446,2016-11-11,58.23,59.12,58.01,59.02
447,2016-11-14,59.02,59.08,57.28,58.12
448,2016-11-15,58.33,59.49,58.32,58.87
449,2016-11-16,58.94,59.66,58.81,59.65
450,2016-11-17,60.41,60.95,59.97,60.64
451,2016-11-18,60.78,61.14,60.3,60.35
452,2016-11-21,60.5,60.97,60.42,60.86
453,2016-11-22,60.98,61.26,60.81,61.12
454,2016-11-23,61.01,61.1,60.25,60.4
455,2016-11-25,60.3,60.53,60.13,60.53
456,2016-11-28,60.34,61.02,60.21,60.61
457,2016-11-29,60.65,61.41,60.52,61.09
458,2016-11-30,60.86,61.18,60.22,60.26
459,2016-12-01,60.11,60.15,58.94,59.2
460,2016-12-02,59.08,59.47,58.8,59.25
461,2016-12-05,59.7,60.59,59.56,60.22
462,2016-12-06,60.43,60.46,59.8,59.95
463,2016-12-07,60.01,61.38,59.8,61.37
464,2016-12-08,61.3,61.58,60.84,61.01
465,2016-12-09,61.18,61.99,61.13,61.97
466,2016-12-12,61.82,62.3,61.72,62.17
467,2016-12-13,62.5,63.42,62.24,62.98
468,2016-12-14,63.0,63.45,62.53,62.68
469,2016-12-15,62.7,63.15,62.3,62.58
470,2016-12-16,62.95,62.95,62.12,62.3
471,2016-12-19,62.56,63.77,62.42,63.62
472,2016-12-20,63.69,63.8,63.03,63.54
473,2016-12-21,63.43,63.7,63.12,63.54
474,2016-12-22,63.84,64.1,63.41,63.55
475,2016-12-23,63.45,63.54,62.8,63.24
476,2016-12-27,63.21,64.07,63.21,63.28
477,2016-12-28,63.4,63.4,62.83,62.99
478,2016-12-29,62.86,63.2,62.73,62.9
479,2016-12-30,62.96,62.99,62.03,62.14
480,2017-01-03,62.79,62.84,62.13,62.58
481,2017-01-04,62.48,62.75,62.12,62.3
482,2017-01-05,62.19,62.66,62.03,62.3
483,2017-01-06,62.3,63.15,62.04,62.84
484,2017-01-09,62.76,63.08,62.54,62.64
485,2017-01-10,62.73,63.07,62.28,62.62
486,2017-01-11,62.61,63.23,62.43,63.19
487,2017-01-12,63.06,63.4,61.95,62.61
488,2017-01-13,62.62,62.87,62.35,62.7
489,2017-01-17,62.68,62.7,62.03,62.53
490,2017-01-18,62.67,62.7,62.12,62.5
491,2017-01-19,62.24,62.98,62.2,62.3
492,2017-01-20,62.67,62.82,62.37,62.74
493,2017-01-23,62.7,63.12,62.57,62.96
494,2017-01-24,63.2,63.74,62.94,63.52
495,2017-01-25,63.95,64.1,63.45,63.68
496,2017-01-26,64.12,64.54,63.55,64.27
497,2017-01-27,65.39,65.91,64.89,65.78
498,2017-01-30,65.69,65.79,64.8,65.13
499,2017-01-31,64.86,65.15,64.26,64.65
500,2017-02-01,64.36,64.62,63.47,63.58
501,2017-02-02,63.25,63.41,62.75,63.17
502,2017-02-03,63.5,63.7,63.07,63.68
503,2017-02-06,63.5,63.65,63.14,63.64
504,2017-02-07,63.74,63.78,63.23,63.43
505,2017-02-08,63.57,63.81,63.22,63.34
506,2017-02-09,63.52,64.44,63.32,64.06
507,2017-02-10,64.25,64.3,63.98,64.0
508,2017-02-13,64.24,64.86,64.13,64.72
509,2017-02-14,64.41,64.72,64.02,64.57
510,2017-02-15,64.5,64.57,64.16,64.53
511,2017-02-16,64.74,65.24,64.44,64.52
512,2017-02-17,64.47,64.69,64.3,64.62
513,2017-02-21,64.61,64.95,64.45,64.49
514,2017-02-22,64.33,64.39,64.05,64.36
515,2017-02-23,64.42,64.73,64.19,64.62
516,2017-02-24,64.53,64.8,64.14,64.62
517,2017-02-27,64.54,64.54,64.05,64.23
518,2017-02-28,64.08,64.2,63.76,63.98
519,2017-03-01,64.13,64.99,64.02,64.94
520,2017-03-02,64.69,64.75,63.88,64.01
521,2017-03-03,63.99,64.28,63.62,64.25
522,2017-03-06,63.97,64.56,63.81,64.27
523,2017-03-07,64.19,64.78,64.19,64.4
524,2017-03-08,64.26,65.08,64.25,64.99
525,2017-03-09,65.19,65.2,64.48,64.73
526,2017-03-10,65.11,65.26,64.75,64.93
527,2017-03-13,65.01,65.19,64.57,64.71
528,2017-03-14,64.53,64.55,64.15,64.41
529,2017-03-15,64.55,64.92,64.25,64.75
530,2017-03-16,64.75,64.76,64.3,64.64
531,2017-03-17,64.91,65.24,64.68,64.87
532,2017-03-20,64.91,65.18,64.72,64.93
533,2017-03-21,65.19,65.5,64.13,64.21
534,2017-03-22,64.12,65.14,64.12,65.03
535,2017-03-23,64.94,65.24,64.77,64.87
536,2017-03-24,65.12,65.45,64.76,64.98
537,2017-03-27,64.63,65.22,64.35,65.1
538,2017-03-28,64.96,65.47,64.65,65.29
539,2017-03-29,65.12,65.5,64.95,65.47
540,2017-03-30,65.42,65.98,65.36,65.71
541,2017-03-31,65.65,66.19,65.45,65.86
542,2017-04-03,65.81,65.94,65.19,65.55
543,2017-04-04,65.39,65.81,65.28,65.73
544,2017-04-05,66.3,66.35,65.44,65.56
545,2017-04-06,65.6,66.06,65.48,65.73
546,2017-04-07,65.85,65.96,65.44,65.68
547,2017-04-10,65.61,65.82,65.36,65.53
548,2017-04-11,65.6,65.61,64.85,65.48
549,2017-04-12,65.42,65.51,65.11,65.23
550,2017-04-13,65.29,65.86,64.95,64.95
551,2017-04-17,65.04,65.49,65.01,65.48
552,2017-04-18,65.33,65.71,65.16,65.39
553,2017-04-19,65.65,65.75,64.89,65.04
554,2017-04-20,65.46,65.75,65.14,65.5
555,2017-04-21,65.67,66.7,65.45,66.4
556,2017-04-24,67.48,67.66,67.1,67.53
557,2017-04-25,67.9,68.04,67.6,67.92
558,2017-04-26,68.08,68.31,67.62,67.83
559,2017-04-27,68.15,68.38,67.58,68.27
560,2017-04-28,68.91,69.14,67.69,68.46
561,2017-05-01,68.68,69.55,68.5,69.41
562,2017-05-02,69.71,69.71,69.13,69.3
563,2017-05-03,69.38,69.38,68.71,69.08
564,2017-05-04,69.03,69.08,68.64,68.81
565,2017-05-05,68.9,69.03,68.49,69.0
566,2017-05-08,68.97,69.05,68.42,68.94
567,2017-05-09,68.86,69.28,68.68,69.04
568,2017-05-10,68.99,69.56,68.92,69.31
569,2017-05-11,68.36,68.73,68.12,68.46
570,2017-05-12,68.61,68.61,68.04,68.38
571,2017-05-15,68.14,68.48,67.57,68.43
572,2017-05-16,68.23,69.44,68.16,69.41
573,2017-05-17,68.89,69.1,67.43,67.48
574,2017-05-18,67.4,68.13,67.14,67.71
575,2017-05-19,67.5,68.1,67.43,67.69
576,2017-05-22,67.89,68.5,67.5,68.45
577,2017-05-23,68.72,68.75,68.38,68.68
578,2017-05-24,68.87,68.88,68.45,68.77
579,2017-05-25,68.97,69.88,68.91,69.62
580,2017-05-26,69.8,70.22,69.52,69.96
581,2017-05-30,69.79,70.41,69.77,70.41
582,2017-05-31,70.53,70.74,69.81,69.84
583,2017-06-01,70.24,70.61,69.45,70.1
584,2017-06-02,70.44,71.86,70.24,71.76
585,2017-06-05,71.97,72.89,71.81,72.28
586,2017-06-06,72.3,72.62,72.27,72.52
587,2017-06-07,72.64,72.77,71.95,72.39
588,2017-06-08,72.51,72.52,71.5,71.95
589,2017-06-09,72.04,72.08,68.59,70.32
590,2017-06-12,69.25,69.94,68.13,69.78
591,2017-06-13,70.02,70.82,69.96,70.65
592,2017-06-14,70.91,71.1,69.43,70.27
593,2017-06-15,69.27,70.21,68.8,69.9
594,2017-06-16,69.73,70.03,69.22,70.0
595,2017-06-19,70.5,70.94,70.35,70.87
596,2017-06-20,70.82,70.87,69.87,69.91
597,2017-06-21,70.21,70.62,69.94,70.27
598,2017-06-22,70.54,70.59,69.71,70.26
599,2017-06-23,70.09,71.25,69.92,71.21
600,2017-06-26,71.4,71.71,70.44,70.53
601,2017-06-27,70.11,70.18,69.18,69.21
602,2017-06-28,69.21,69.84,68.79,69.8
603,2017-06-29,69.38,69.49,68.09,68.49
604,2017-06-30,68.78,69.38,68.74,68.93
605,2017-07-03,69.33,69.6,68.02,68.17
606,2017-07-05,68.26,69.44,68.22,69.08
607,2017-07-06,68.27,68.78,68.12,68.57
608,2017-07-07,68.7,69.84,68.7,69.46
609,2017-07-10,69.46,70.25,69.2,69.98
610,2017-07-11,70.0,70.68,69.75,69.99
611,2017-07-12,70.69,71.28,70.55,71.15
612,2017-07-13,71.5,72.04,71.31,71.77
613,2017-07-14,72.24,73.27,71.96,72.78
614,2017-07-17,72.8,73.45,72.72,73.35
615,2017-07-18,73.09,73.39,72.66,73.3
616,2017-07-19,73.5,74.04,73.45,73.86
617,2017-07-20,74.18,74.3,73.28,74.22
618,2017-07-21,73.45,74.29,73.17,73.79
619,2017-07-24,73.53,73.75,73.13,73.6
620,2017-07-25,73.8,74.31,73.5,74.19
621,2017-07-26,74.34,74.38,73.81,74.05
622,2017-07-27,73.76,74.42,72.32,73.16
623,2017-07-28,72.67,73.31,72.54,73.04
624,2017-07-31,73.3,73.44,72.41,72.7
625,2017-08-01,73.1,73.42,72.49,72.58
626,2017-08-02,72.55,72.56,71.44,72.26
627,2017-08-03,72.19,72.44,71.85,72.15
628,2017-08-04,72.4,73.04,72.24,72.68
629,2017-08-07,72.8,72.9,72.26,72.4
630,2017-08-08,72.09,73.13,71.75,72.79
631,2017-08-09,72.25,72.51,72.05,72.47
632,2017-08-10,71.9,72.19,71.35,71.41
633,2017-08-11,71.61,72.7,71.28,72.5
634,2017-08-14,73.06,73.72,72.95,73.59
635,2017-08-15,73.59,73.59,73.04,73.22
636,2017-08-16,73.34,74.1,73.17,73.65
637,2017-08-17,73.58,73.87,72.4,72.4
638,2017-08-18,72.27,72.84,71.93,72.49
639,2017-08-21,72.47,72.48,71.7,72.15
640,2017-08-22,72.35,73.24,72.35,73.16
641,2017-08-23,72.96,73.15,72.53,72.72
642,2017-08-24,72.74,72.86,72.07,72.69
643,2017-08-25,72.86,73.35,72.48,72.82
644,2017-08-28,73.06,73.09,72.55,72.83
645,2017-08-29,72.25,73.16,72.05,73.05
646,2017-08-30,73.01,74.21,72.83,74.01
647,2017-08-31,74.03,74.96,73.8,74.77
648,2017-09-01,74.71,74.74,73.64,73.94
649,2017-09-05,73.34,73.89,72.98,73.61
650,2017-09-06,73.74,74.04,73.35,73.4
651,2017-09-07,73.68,74.6,73.6,74.34
652,2017-09-08,74.33,74.44,73.84,73.98
653,2017-09-11,74.31,74.94,74.31,74.76
654,2017-09-12,74.76,75.24,74.37,74.68
655,2017-09-13,74.93,75.23,74.55,75.21
656,2017-09-14,75.0,75.49,74.52,74.77
657,2017-09-15,74.83,75.39,74.07,75.31
658,2017-09-18,75.23,75.97,75.04,75.16
659,2017-09-19,75.21,75.71,75.01,75.44
660,2017-09-20,75.35,75.55,74.31,74.94
661,2017-09-21,75.11,75.24,74.11,74.21
662,2017-09-22,73.99,74.51,73.85,74.41
663,2017-09-25,74.09,74.25,72.92,73.26
664,2017-09-26,73.67,73.81,72.99,73.26
665,2017-09-27,73.55,74.17,73.17,73.85
666,2017-09-28,73.54,73.97,73.31,73.87
667,2017-09-29,73.94,74.54,73.88,74.49
668,2017-10-02,74.71,75.01,74.3,74.61
669,2017-10-03,74.67,74.88,74.19,74.26
670,2017-10-04,74.0,74.72,73.71,74.69
671,2017-10-05,75.22,76.12,74.96,75.97
672,2017-10-06,75.67,76.03,75.54,76.0
673,2017-10-09,75.97,76.55,75.86,76.29
674,2017-10-10,76.33,76.63,76.14,76.29
675,2017-10-11,76.36,76.46,75.95,76.42
676,2017-10-12,76.49,77.29,76.37,77.12
677,2017-10-13,77.59,77.87,77.29,77.49
678,2017-10-16,77.42,77.81,77.35,77.65
679,2017-10-17,77.47,77.62,77.25,77.59
680,2017-10-18,77.67,77.85,77.37,77.61
681,2017-10-19,77.57,77.93,77.35,77.91
682,2017-10-20,78.32,78.97,78.22,78.81
683,2017-10-23,78.99,79.34,78.76,78.83
684,2017-10-24,78.9,79.2,78.46,78.86
685,2017-10-25,78.58,79.1,78.01,78.63
686,2017-10-26,79.2,79.42,78.75,78.76
687,2017-10-27,84.37,86.2,83.61,83.81
688,2017-10-30,83.7,84.33,83.11,83.89
689,2017-10-31,84.36,84.36,83.11,83.18
690,2017-11-01,83.68,83.76,82.88,83.18
691,2017-11-02,83.35,84.46,83.12,84.05
692,2017-11-03,84.08,84.54,83.4,84.14
693,2017-11-06,84.2,84.7,84.08,84.47
694,2017-11-07,84.77,84.9,83.93,84.27
695,2017-11-08,84.14,84.61,83.83,84.56
696,2017-11-09,84.11,84.27,82.9,84.09
697,2017-11-10,83.79,84.1,83.23,83.87
698,2017-11-13,83.66,83.94,83.46,83.93
699,2017-11-14,83.5,84.1,82.98,84.05
700,2017-11-15,83.47,83.69,82.69,82.98
701,2017-11-16,83.1,83.42,82.94,83.2
702,2017-11-17,83.12,83.12,82.24,82.4
703,2017-11-20,82.4,82.59,82.25,82.53
704,2017-11-21,82.74,83.84,82.74,83.72
705,2017-11-22,83.83,83.9,83.04,83.11
706,2017-11-24,83.01,83.43,82.78,83.26
707,2017-11-27,83.31,83.98,83.3,83.87
708,2017-11-28,84.07,85.06,84.02,84.88
709,2017-11-29,84.71,84.92,83.18,83.34
710,2017-11-30,83.51,84.52,83.34,84.17
711,2017-12-01,83.6,84.81,83.22,84.26
712,2017-12-04,84.42,84.43,80.7,81.08
713,2017-12-05,81.34,82.68,80.98,81.59
714,2017-12-06,81.55,83.14,81.43,82.78
715,2017-12-07,82.54,82.8,82.0,82.49
716,2017-12-08,83.63,84.58,83.33,84.16
717,2017-12-11,84.29,85.37,84.12,85.23
718,2017-12-12,85.31,86.05,85.08,85.58
719,2017-12-13,85.74,86.0,85.17,85.35
720,2017-12-14,85.43,85.87,84.53,84.69
721,2017-12-15,85.26,87.09,84.88,86.85
722,2017-12-18,87.12,87.5,86.23,86.38
723,2017-12-19,86.35,86.35,85.27,85.83
724,2017-12-20,86.2,86.3,84.71,85.52
725,2017-12-21,86.05,86.1,85.4,85.5
726,2017-12-22,85.4,85.63,84.92,85.51
727,2017-12-26,85.31,85.53,85.03,85.4
728,2017-12-27,85.65,85.98,85.22,85.71
729,2017-12-28,85.9,85.93,85.55,85.72
730,2017-12-29,85.63,86.05,85.5,85.54
731,2018-01-02,86.13,86.31,85.5,85.95
732,2018-01-03,86.06,86.51,85.97,86.35
733,2018-01-04,86.59,87.66,86.57,87.11
734,2018-01-05,87.66,88.41,87.43,88.19
735,2018-01-08,88.2,88.58,87.6,88.28
736,2018-01-09,88.65,88.73,87.86,88.22
737,2018-01-10,87.86,88.19,87.41,87.82
738,2018-01-11,88.13,88.13,87.24,88.08
739,2018-01-12,88.67,89.78,88.45,89.6
740,2018-01-16,90.1,90.79,88.01,88.35
741,2018-01-17,89.08,90.28,88.75,90.14
742,2018-01-18,89.8,90.67,89.66,90.1
743,2018-01-19,90.14,90.61,89.66,90.0
744,2018-01-22,90.0,91.62,89.74,91.61
745,2018-01-23,91.9,92.3,91.54,91.9
746,2018-01-24,92.55,93.43,91.58,91.82
747,2018-01-25,92.47,93.24,91.93,92.33
748,2018-01-26,93.12,94.06,92.58,94.06
749,2018-01-29,95.14,95.45,93.72,93.92
750,2018-01-30,93.3,93.66,92.1,92.74
751,2018-01-31,93.75,95.4,93.51,95.01
752,2018-02-01,94.79,96.07,93.58,94.26
753,2018-02-02,93.64,93.97,91.5,91.78
754,2018-02-05,90.56,93.24,88.0,88.0
755,2018-02-06,86.89,91.48,85.25,91.33
756,2018-02-07,90.49,91.77,89.2,89.61
757,2018-02-08,89.71,89.88,84.76,85.01
758,2018-02-09,86.3,88.93,83.83,88.18
759,2018-02-12,88.74,89.78,87.93,89.13
760,2018-02-13,88.93,90.0,87.8,89.83
761,2018-02-14,88.51,90.99,88.41,90.81
762,2018-02-15,91.21,92.72,90.62,92.66
763,2018-02-16,92.45,93.5,91.8,92.0
764,2018-02-20,91.48,93.06,91.01,92.72
765,2018-02-21,92.98,93.36,91.49,91.49
766,2018-02-22,92.05,92.73,91.36,91.73
767,2018-02-23,92.75,94.07,92.36,94.06
768,2018-02-26,94.4,95.45,94.25,95.42
769,2018-02-27,95.74,95.84,94.2,94.2
770,2018-02-28,94.84,95.71,93.63,93.77
771,2018-03-01,93.99,94.57,91.84,92.85
772,2018-03-02,91.58,93.15,90.86,93.05
773,2018-03-05,92.34,94.27,92.26,93.64
774,2018-03-06,94.34,94.49,92.94,93.32
775,2018-03-07,93.16,93.94,92.43,93.86
776,2018-03-08,94.27,95.1,93.77,94.43
777,2018-03-09,95.29,96.54,95.0,96.54
778,2018-03-12,96.5,97.21,96.04,96.77
779,2018-03-13,97.0,97.24,93.97,94.41
780,2018-03-14,95.12,95.41,93.5,93.85
781,2018-03-15,93.53,94.58,92.83,94.18
782,2018-03-16,94.68,95.38,93.92,94.6
783,2018-03-19,93.74,93.9,92.11,92.89
784,2018-03-20,93.05,93.77,93.0,93.13
785,2018-03-21,92.93,94.05,92.21,92.48
786,2018-03-22,91.27,91.75,89.66,89.79
787,2018-03-23,89.5,90.46,87.08,87.18
788,2018-03-26,90.61,94.0,90.4,93.78
789,2018-03-27,94.94,95.14,88.51,89.47
790,2018-03-28,89.82,91.23,88.87,89.39
791,2018-03-29,90.18,92.29,88.4,91.27
792,2018-04-02,90.47,90.88,87.51,88.52
793,2018-04-03,89.58,90.05,87.89,89.71
794,2018-04-04,87.85,92.76,87.73,92.33
795,2018-04-05,92.44,93.07,91.4,92.38
796,2018-04-06,91.49,92.46,89.48,90.23
797,2018-04-09,91.04,93.17,90.62,90.77
798,2018-04-10,92.39,93.28,91.64,92.88
799,2018-04-11,92.01,93.29,91.48,91.86
800,2018-04-12,92.43,94.16,92.43,93.58
801,2018-04-13,94.05,94.18,92.44,93.08
802,2018-04-16,94.07,94.66,93.42,94.17
803,2018-04-17,95.0,96.54,94.88,96.07
804,2018-04-18,96.22,96.72,95.52,96.44
805,2018-04-19,96.44,97.07,95.34,96.11
806,2018-04-20,95.91,96.11,94.05,95.0
807,2018-04-23,95.74,96.29,94.63,95.35
808,2018-04-24,96.24,96.47,92.41,93.12
809,2018-04-25,93.3,93.3,90.28,92.31
810,2018-04-26,93.55,95.15,93.1,94.26
811,2018-04-27,97.6,97.9,93.91,95.82
812,2018-04-30,96.33,96.4,93.15,93.52
813,2018-05-01,93.21,95.29,92.79,95.0
814,2018-05-02,94.99,95.17,93.19,93.51
815,2018-05-03,92.96,94.93,92.45,94.07
816,2018-05-04,93.32,95.37,92.92,95.16
817,2018-05-07,95.17,96.71,95.1,96.22
818,2018-05-08,95.85,96.16,95.06,95.81
819,2018-05-09,96.01,96.97,95.05,96.94
820,2018-05-10,97.46,97.95,97.05,97.91
821,2018-05-11,97.8,97.87,97.04,97.7
822,2018-05-14,97.92,98.69,97.31,98.03
823,2018-05-15,97.24,97.85,96.34,97.32
824,2018-05-16,97.36,97.4,96.62,97.15
825,2018-05-17,96.76,97.54,95.83,96.18
826,2018-05-18,96.01,96.93,96.01,96.36
827,2018-05-21,97.0,98.01,96.8,97.6
828,2018-05-22,97.68,98.17,97.2,97.5
829,2018-05-23,96.71,98.73,96.32,98.66
830,2018-05-24,98.73,98.94,96.81,98.31
831,2018-05-25,98.3,98.98,97.86,98.36
832,2018-05-29,97.84,98.88,97.23,98.01
833,2018-05-30,98.31,99.25,97.91,98.95
834,2018-05-31,99.29,99.99,98.61,98.84
835,2018-06-01,99.28,100.86,99.17,100.79
836,2018-06-04,101.26,101.86,100.85,101.67
837,2018-06-05,102.0,102.33,101.53,102.19
838,2018-06-06,102.48,102.6,101.9,102.49
839,2018-06-07,102.65,102.69,100.38,100.88
840,2018-06-08,101.09,101.95,100.54,101.63
841,2018-06-11,101.37,101.59,100.67,101.05
842,2018-06-12,101.1,101.45,100.75,101.31
843,2018-06-13,101.72,102.01,100.56,100.85
844,2018-06-14,101.65,102.03,101.0,101.42
845,2018-06-15,101.51,101.53,100.07,100.13
846,2018-06-18,100.01,101.11,99.42,100.86
847,2018-06-19,99.65,101.0,99.5,100.86
848,2018-06-20,101.37,102.52,101.12,101.87
849,2018-06-21,102.08,102.46,100.88,101.14
850,2018-06-22,100.41,100.77,99.63,100.41
851,2018-06-25,100.0,100.11,97.3,98.39
852,2018-06-26,98.82,100.08,98.75,99.08
853,2018-06-27,99.58,100.02,97.4,97.54
854,2018-06-28,97.38,99.11,97.26,98.63
855,2018-06-29,98.93,99.91,98.33,98.61
856,2018-07-02,98.1,100.06,98.0,100.01
857,2018-07-03,100.48,100.63,98.94,99.05
858,2018-07-05,99.5,99.92,99.03,99.76
859,2018-07-06,99.89,101.43,99.67,101.16
860,2018-07-09,101.65,102.25,101.25,101.85
861,2018-07-10,102.0,102.51,101.86,102.12
862,2018-07-11,101.15,102.34,101.1,101.98
863,2018-07-12,102.77,104.41,102.73,104.19
864,2018-07-13,104.37,105.6,104.09,105.43
865,2018-07-16,105.4,105.82,104.52,104.91
866,2018-07-17,104.61,106.5,104.32,105.95
867,2018-07-18,105.94,106.05,104.72,105.12
868,2018-07-19,104.93,105.31,103.89,104.4
869,2018-07-20,108.08,108.2,106.08,106.27
870,2018-07-23,106.3,108.14,106.13,107.97
871,2018-07-24,108.57,108.82,107.26,107.66
872,2018-07-25,107.96,111.15,107.6,110.83
873,2018-07-26,110.74,111.0,109.5,109.62
874,2018-07-27,110.18,110.18,106.14,107.68
875,2018-07-30,107.19,107.53,104.76,105.37
876,2018-07-31,106.49,106.72,105.38,106.08
877,2018-08-01,106.03,106.45,105.42,106.28
878,2018-08-02,105.4,108.09,104.84,107.57
879,2018-08-03,107.8,108.05,106.82,108.04
880,2018-08-06,108.12,108.42,107.56,108.13
881,2018-08-07,108.56,109.1,108.17,108.88
882,2018-08-08,109.33,109.75,108.76,109.49
883,2018-08-09,109.71,110.16,109.6,109.67
884,2018-08-10,109.42,109.69,108.38,109.0
885,2018-08-13,109.24,109.58,108.1,108.21
886,2018-08-14,108.56,109.75,108.04,109.56
887,2018-08-15,108.49,108.99,106.82,107.66
888,2018-08-16,108.3,108.86,107.3,107.64
889,2018-08-17,107.36,107.9,106.69,107.58
890,2018-08-20,107.51,107.9,106.48,106.87
891,2018-08-21,106.92,107.35,105.85,105.98
892,2018-08-22,105.85,107.34,105.78,107.06
893,2018-08-23,107.15,108.18,106.87,107.56
894,2018-08-24,107.67,108.56,107.56,108.4
895,2018-08-27,109.27,109.64,108.51,109.6
896,2018-08-28,109.94,110.5,109.79,110.26
897,2018-08-29,110.45,112.03,110.27,112.02
898,2018-08-30,111.67,112.61,111.44,111.95
899,2018-08-31,111.69,112.78,111.52,112.33
900,2018-09-04,110.85,111.96,110.22,111.71
901,2018-09-05,111.01,111.42,108.1,108.49
902,2018-09-06,108.25,108.99,107.51,108.74
903,2018-09-07,108.23,108.72,107.23,108.21
904,2018-09-10,108.84,109.64,108.36,109.38
905,2018-09-11,108.9,111.59,108.89,111.24
906,2018-09-12,111.43,111.85,110.51,111.71
907,2018-09-13,112.12,113.73,112.12,112.91
908,2018-09-14,113.36,113.73,112.44,113.37
909,2018-09-17,113.69,113.7,111.86,112.14
910,2018-09-18,112.19,113.7,111.72,113.21
911,2018-09-19,113.05,113.32,111.04,111.7
912,2018-09-20,112.28,113.8,111.93,113.57
913,2018-09-21,114.0,115.29,113.51,114.26
914,2018-09-24,113.03,114.9,112.22,114.67
915,2018-09-25,114.8,115.1,113.75,114.45
916,2018-09-26,114.47,115.06,113.74,113.98
917,2018-09-27,114.78,114.91,114.2,114.41
918,2018-09-28,114.19,114.57,113.68,114.37
919,2018-10-01,114.75,115.68,114.73,115.61
920,2018-10-02,115.3,115.84,114.44,115.15
921,2018-10-03,115.42,116.18,114.93,115.17
922,2018-10-04,114.61,114.76,111.63,112.79
923,2018-10-05,112.63,113.17,110.64,112.13
924,2018-10-08,111.66,112.03,109.34,110.85
925,2018-10-09,111.14,113.08,110.8,112.26
926,2018-10-10,111.24,111.5,105.79,106.16
927,2018-10-11,105.35,108.93,104.2,105.91
928,2018-10-12,109.01,111.24,107.12,109.57
929,2018-10-15,108.91,109.48,106.95,107.6
930,2018-10-16,109.54,111.41,108.95,111.0
931,2018-10-17,111.68,111.81,109.55,110.71
932,2018-10-18,110.1,110.53,107.83,108.5
933,2018-10-19,108.93,110.86,108.21,108.66
934,2018-10-22,109.32,110.54,108.24,109.63
935,2018-10-23,107.77,108.97,105.11,108.1
936,2018-10-24,108.41,108.49,101.59,102.32
937,2018-10-25,106.55,109.27,106.15,108.3
938,2018-10-26,105.69,108.75,104.76,106.96
939,2018-10-29,108.11,108.7,101.63,103.85
940,2018-10-30,103.66,104.38,100.11,103.73
941,2018-10-31,105.44,108.14,105.39,106.81
942,2018-11-01,107.05,107.32,105.53,105.92
943,2018-11-02,106.48,107.32,104.98,106.16
944,2018-11-05,106.37,107.74,105.9,107.51
945,2018-11-06,107.38,108.84,106.28,107.72
946,2018-11-07,109.44,112.24,109.4,111.96
947,2018-11-08,111.8,112.21,110.91,111.75
948,2018-11-09,110.85,111.45,108.76,109.57
949,2018-11-12,109.42,109.96,106.1,106.87
950,2018-11-13,107.55,108.74,106.64,106.94
951,2018-11-14,108.1,108.26,104.47,104.97
952,2018-11-15,104.99,107.8,103.91,107.28
953,2018-11-16,107.08,108.88,106.8,108.29
954,2018-11-19,108.27,108.56,103.55,104.62
955,2018-11-20,101.8,102.97,99.35,101.71
956,2018-11-21,103.6,104.43,102.24,103.11
957,2018-11-23,102.17,103.81,102.0,103.07
958,2018-11-26,104.79,106.63,104.58,106.47
959,2018-11-27,106.27,107.33,105.36,107.14
960,2018-11-28,107.89,111.33,107.86,111.12
961,2018-11-29,110.33,111.12,109.03,110.19
962,2018-11-30,110.7,110.97,109.36,110.89
963,2018-12-03,113.0,113.42,110.73,112.09
964,2018-12-04,111.94,112.64,108.21,108.52
965,2018-12-06,105.82,109.24,105.0,109.19
966,2018-12-07,108.38,109.45,104.3,104.82
967,2018-12-10,104.8,107.98,103.89,107.59
968,2018-12-11,109.8,110.95,107.44,108.59
969,2018-12-12,110.89,111.27,109.04,109.08
970,2018-12-13,109.58,110.87,108.63,109.45
971,2018-12-14,108.25,109.26,105.5,106.03
972,2018-12-17,105.41,105.8,101.71,102.89
973,2018-12-18,103.75,104.51,102.52,103.97
974,2018-12-19,103.65,106.88,101.35,103.69
975,2018-12-20,103.05,104.31,98.78,101.51
976,2018-12-21,101.63,103.0,97.46,98.23
977,2018-12-24,97.68,97.97,93.98,94.13
978,2018-12-26,95.14,100.69,93.96,100.56
979,2018-12-27,99.3,101.19,96.4,101.18
980,2018-12-28,102.09,102.41,99.52,100.39
981,2018-12-31,101.29,102.4,100.44,101.57
982,2019-01-02,99.55,101.75,98.94,101.12
983,2019-01-03,100.1,100.19,97.2,97.4
984,2019-01-04,99.72,102.51,98.93,101.93
985,2019-01-07,101.64,103.27,100.98,102.06
986,2019-01-08,103.04,103.97,101.71,102.8
987,2019-01-09,103.86,104.88,103.24,104.27
988,2019-01-10,103.22,103.75,102.38,103.6
989,2019-01-11,103.19,103.44,101.64,102.8
990,2019-01-14,101.9,102.87,101.26,102.05
991,2019-01-15,102.51,105.05,101.88,105.01
992,2019-01-16,105.26,106.26,104.96,105.38
993,2019-01-17,105.0,106.63,104.76,106.12
994,2019-01-18,107.46,107.9,105.91,107.71
995,2019-01-22,106.75,107.1,104.86,105.68
996,2019-01-23,106.12,107.04,105.34,106.71
997,2019-01-24,106.86,107.0,105.34,106.2
998,2019-01-25,107.24,107.88,106.59,107.17
999,2019-01-28,106.26,106.48,104.66,105.08
1000,2019-01-29,104.88,104.97,102.17,102.94
1001,2019-01-30,104.62,106.38,104.33,106.38
1002,2019-01-31,103.8,105.22,103.18,104.43
1003,2019-02-01,103.78,104.1,102.35,102.78
1004,2019-02-04,102.87,105.8,102.77,105.74
1005,2019-02-05,106.06,107.27,105.96,107.22
1006,2019-02-06,107.0,107.0,105.53,106.03
1007,2019-02-07,105.19,105.59,104.29,105.27
1008,2019-02-08,104.39,105.78,104.26,105.67
1009,2019-02-11,106.2,106.58,104.97,105.25
1010,2019-02-12,106.14,107.14,105.48,106.89
1011,2019-02-13,107.5,107.78,106.71,106.81
1012,2019-02-14,106.31,107.29,105.66,106.9
1013,2019-02-15,107.91,108.3,107.36,108.22
1014,2019-02-19,107.79,108.66,107.78,108.17
1015,2019-02-20,107.86,107.94,106.29,107.15
1016,2019-02-21,106.9,109.48,106.87,109.41
1017,2019-02-22,110.05,111.2,109.82,110.97
1018,2019-02-25,111.76,112.18,111.26,111.59
1019,2019-02-26,111.26,113.24,111.17,112.36
1020,2019-02-27,111.69,112.36,110.88,112.17
1021,2019-02-28,112.04,112.88,111.73,112.03
1022,2019-03-01,112.89,113.02,111.67,112.53
1023,2019-03-04,113.02,113.25,110.8,112.26
1024,2019-03-05,112.25,112.39,111.23,111.7
1025,2019-03-06,111.87,112.66,111.43,111.75
1026,2019-03-07,111.4,111.55,109.87,110.39
1027,2019-03-08,109.16,110.71,108.8,110.51
1028,2019-03-11,110.99,112.95,110.98,112.83
1029,2019-03-12,112.82,113.99,112.65,113.62
1030,2019-03-13,114.13,115.0,113.78,114.5
1031,2019-03-14,114.54,115.2,114.33,114.59
1032,2019-03-15,115.34,117.25,114.59,115.91
1033,2019-03-18,116.17,117.61,116.05,117.57
1034,2019-03-19,118.09,118.44,116.99,117.65
1035,2019-03-20,117.39,118.75,116.71,117.52
1036,2019-03-21,117.14,120.82,117.09,120.22
1037,2019-03-22,119.5,119.59,117.04,117.05
1038,2019-03-25,116.56,118.01,116.32,117.66
1039,2019-03-26,118.62,118.71,116.85,117.91
1040,2019-03-27,117.88,118.21,115.52,116.77
1041,2019-03-28,117.44,117.58,116.13,116.93
1042,2019-03-29,118.07,118.32,116.96,117.94
1043,2019-04-01,118.95,119.11,118.1,119.02
1044,2019-04-02,119.06,119.48,118.52,119.19
1045,2019-04-03,119.86,120.43,119.15,119.97
1046,2019-04-04,120.1,120.23,118.38,119.36
1047,2019-04-05,119.39,120.23,119.37,119.89
1048,2019-04-08,119.81,120.02,118.64,119.93
1049,2019-04-09,118.63,119.54,118.58,119.28
1050,2019-04-10,119.76,120.35,119.54,120.19
1051,2019-04-11,120.54,120.85,119.92,120.33
1052,2019-04-12,120.64,120.98,120.37,120.95
1053,2019-04-15,120.94,121.58,120.57,121.05
1054,2019-04-16,121.64,121.65,120.1,120.77
1055,2019-04-17,121.24,121.85,120.54,121.77
1056,2019-04-18,122.19,123.52,121.3,123.37
1057,2019-04-22,122.62,124.0,122.57,123.76
1058,2019-04-23,124.1,125.58,123.83,125.44
1059,2019-04-24,125.79,125.85,124.52,125.01
1060,2019-04-25,130.06,131.37,128.83,129.15
1061,2019-04-26,129.7,130.52,129.02,129.89
1062,2019-04-29,129.9,130.18,129.35,129.77
1063,2019-04-30,129.81,130.7,129.39,130.6
1064,2019-05-01,130.53,130.65,127.7,127.88
1065,2019-05-02,127.98,128.0,125.52,126.21
1066,2019-05-03,127.36,129.43,127.25,128.9
1067,2019-05-06,126.39,128.56,126.11,128.15
1068,2019-05-07,126.46,127.18,124.22,125.52
1069,2019-05-08,125.44,126.37,124.75,125.51
1070,2019-05-09,124.29,125.79,123.57,125.5
1071,2019-05-10,124.91,127.93,123.82,127.13
1072,2019-05-13,124.11,125.55,123.04,123.35
1073,2019-05-14,123.87,125.88,123.7,124.73
1074,2019-05-15,124.26,126.71,123.7,126.02
1075,2019-05-16,126.75,129.38,126.46,128.93
1076,2019-05-17,128.31,130.46,127.92,128.07
1077,2019-05-20,126.52,127.59,125.76,126.22
1078,2019-05-21,127.43,127.53,126.58,126.9
1079,2019-05-22,126.62,128.24,126.52,127.67
1080,2019-05-23,126.2,126.29,124.74,126.18
1081,2019-05-24,126.91,127.42,125.97,126.24
1082,2019-05-28,126.98,128.0,126.05,126.16
1083,2019-05-29,125.38,125.39,124.04,124.94
1084,2019-05-30,125.26,125.76,124.78,125.73
1085,2019-05-31,124.23,124.62,123.32,123.68
1086,2019-06-03,123.85,124.37,119.01,119.84
1087,2019-06-04,121.28,123.28,120.65,123.16
1088,2019-06-05,124.95,125.87,124.21,125.83
1089,2019-06-06,126.44,127.97,125.6,127.82
1090,2019-06-07,129.19,132.25,128.26,131.4
1091,2019-06-10,132.4,134.08,132.0,132.6
1092,2019-06-11,133.88,134.24,131.28,132.1
1093,2019-06-12,131.4,131.97,130.71,131.49
1094,2019-06-13,131.98,132.67,131.56,132.32
1095,2019-06-14,132.26,133.79,131.64,132.45
1096,2019-06-17,132.63,133.73,132.53,132.85
1097,2019-06-18,134.19,135.24,133.57,135.16
1098,2019-06-19,135.0,135.93,133.81,135.69
1099,2019-06-20,137.45,137.66,135.72,136.95
1100,2019-06-21,136.58,137.73,136.46,136.97
1101,2019-06-24,137.0,138.4,137.0,137.78
1102,2019-06-25,137.25,137.59,132.73,133.43
1103,2019-06-26,134.35,135.74,133.6,133.93
1104,2019-06-27,134.14,134.71,133.51,134.15
1105,2019-06-28,134.57,134.6,133.16,133.96
1106,2019-07-01,136.63,136.7,134.97,135.68
1107,2019-07-02,136.12,136.59,135.34,136.58
1108,2019-07-03,136.8,137.74,136.29,137.46
1109,2019-07-05,135.94,137.33,135.72,137.06
1110,2019-07-08,136.4,137.1,135.37,136.96
1111,2019-07-09,136.0,136.97,135.8,136.46
1112,2019-07-10,137.13,138.58,137.02,137.85
1113,2019-07-11,138.2,139.22,137.87,138.4
1114,2019-07-12,138.85,139.13,138.01,138.9
1115,2019-07-15,139.44,139.54,138.46,138.9
1116,2019-07-16,138.96,139.05,136.52,137.08
1117,2019-07-17,137.7,137.93,136.22,136.27
1118,2019-07-18,135.55,136.62,134.67,136.42
1119,2019-07-19,140.22,140.67,136.45,136.62
1120,2019-07-22,137.41,139.19,137.33,138.43
1121,2019-07-23,139.76,139.99,138.03,139.29
1122,2019-07-24,138.9,140.74,138.85,140.72
1123,2019-07-25,140.43,140.61,139.32,140.19
1124,2019-07-26,140.37,141.68,140.3,141.34
1125,2019-07-29,141.5,141.51,139.37,141.03
1126,2019-07-30,140.14,141.22,139.8,140.35
1127,2019-07-31,140.33,140.49,135.08,136.27
1128,2019-08-01,137.0,140.94,136.93,138.06
1129,2019-08-02,138.09,138.32,135.26,136.9
1130,2019-08-05,133.3,133.93,130.78,132.21
1131,2019-08-06,133.8,135.68,133.21,134.69
1132,2019-08-07,133.79,135.65,131.83,135.28
1133,2019-08-08,136.6,138.99,135.93,138.89
1134,2019-08-09,138.61,139.38,136.46,137.71
1135,2019-08-12,137.07,137.86,135.24,135.79
1136,2019-08-13,136.05,138.8,135.0,138.6
1137,2019-08-14,136.36,136.92,133.67,133.98
1138,2019-08-15,134.39,134.58,132.25,133.68
1139,2019-08-16,134.88,136.46,134.72,136.13
1140,2019-08-19,137.85,138.55,136.89,138.41
1141,2019-08-20,138.21,138.71,137.24,137.26
1142,2019-08-21,138.55,139.49,138.0,138.79
1143,2019-08-22,138.66,139.2,136.29,137.78
1144,2019-08-23,137.19,138.35,132.8,133.39
1145,2019-08-26,134.99,135.56,133.9,135.45
1146,2019-08-27,136.39,136.72,134.66,135.74
1147,2019-08-28,134.88,135.76,133.55,135.56
1148,2019-08-29,137.25,138.44,136.91,138.12
1149,2019-08-30,139.15,139.18,136.27,137.86
1150,2019-09-03,136.61,137.2,135.7,136.04
1151,2019-09-04,137.3,137.69,136.48,137.63
1152,2019-09-05,139.11,140.38,138.76,140.05
1153,2019-09-06,140.03,140.18,138.2,139.1
1154,2019-09-09,139.59,139.75,136.46,137.52
1155,2019-09-10,136.8,136.89,134.51,136.08
1156,2019-09-11,135.91,136.27,135.09,136.12
1157,2019-09-12,137.85,138.42,136.87,137.52
1158,2019-09-13,137.78,138.06,136.57,137.32
1159,2019-09-16,135.83,136.7,135.66,136.33
1160,2019-09-17,136.96,137.52,136.43,137.39
1161,2019-09-18,137.36,138.67,136.53,138.52
1162,2019-09-19,140.3,142.37,140.07,141.07
1163,2019-09-20,141.01,141.65,138.25,139.44
1164,2019-09-23,139.23,139.63,138.44,139.14
1165,2019-09-24,140.36,140.69,136.88,137.38
1166,2019-09-25,137.5,139.96,136.03,139.36
1167,2019-09-26,139.44,140.18,138.44,139.54
1168,2019-09-27,140.15,140.36,136.65,137.73
1169,2019-09-30,138.05,139.22,137.78,139.03
1170,2019-10-01,139.66,140.25,137.0,137.07
1171,2019-10-02,136.25,136.37,133.58,134.65
1172,2019-10-03,134.95,136.75,133.22,136.28
1173,2019-10-04,136.75,138.25,136.42,138.12
1174,2019-10-07,137.14,138.18,137.02,137.12
1175,2019-10-08,137.08,137.76,135.62,135.67
1176,2019-10-09,137.46,138.7,136.97,138.24
1177,2019-10-10,138.49,139.67,138.25,139.1
1178,2019-10-11,140.12,141.03,139.5,139.68
1179,2019-10-14,139.69,140.29,139.52,139.55
1180,2019-10-15,140.06,141.79,139.81,141.57
1181,2019-10-16,140.79,140.99,139.53,140.41
1182,2019-10-17,140.95,141.42,139.02,139.69
1183,2019-10-18,139.76,140.0,136.56,137.41
1184,2019-10-21,138.45,138.5,137.01,138.43
1185,2019-10-22,138.97,140.01,136.26,136.37
1186,2019-10-23,136.88,137.45,135.61,137.24
1187,2019-10-24,139.39,140.42,138.67,139.94
1188,2019-10-25,139.34,141.14,139.2,140.73
1189,2019-10-28,144.4,145.67,143.51,144.19
1190,2019-10-29,144.08,144.5,142.65,142.83
1191,2019-10-30,143.52,145.0,142.79,144.61
1192,2019-10-31,144.9,144.93,142.99,143.37
1193,2019-11-01,144.26,144.42,142.97,143.72
1194,2019-11-04,144.83,145.0,144.16,144.55
1195,2019-11-05,144.97,145.02,143.91,144.46
1196,2019-11-06,144.37,144.52,143.2,144.06
1197,2019-11-07,143.84,144.88,143.77,144.26
1198,2019-11-08,143.98,145.99,143.76,145.96
1199,2019-11-11,145.34,146.42,144.73,146.11
1200,2019-11-12,146.28,147.57,146.06,147.07
1201,2019-11-13,146.74,147.46,146.28,147.31
1202,2019-11-14,147.02,148.41,147.0,148.06
1203,2019-11-15,148.93,149.99,148.27,149.97
1204,2019-11-18,150.07,150.55,148.98,150.34
1205,2019-11-19,150.88,151.33,150.2,150.39
1206,2019-11-20,150.31,150.84,148.46,149.62
1207,2019-11-21,149.4,149.8,148.5,149.48
1208,2019-11-22,150.07,150.3,148.82,149.59
1209,2019-11-25,150.0,151.35,149.92,151.23
1210,2019-11-26,151.36,152.42,151.32,152.03
1211,2019-11-27,152.33,152.5,151.52,152.32
1212,2019-11-29,152.1,152.3,151.28,151.38
1213,2019-12-02,151.81,151.83,148.32,149.55
1214,2019-12-03,147.49,149.43,146.65,149.31
1215,2019-12-04,150.14,150.18,149.2,149.85
1216,2019-12-05,150.05,150.32,149.48,149.93
1217,2019-12-06,150.99,151.87,150.27,151.75
1218,2019-12-09,151.07,152.21,150.91,151.36
1219,2019-12-10,151.29,151.89,150.76,151.13
1220,2019-12-11,151.54,151.87,150.33,151.7
1221,2019-12-12,151.65,153.44,151.02,153.24
1222,2019-12-13,153.0,154.89,152.83,154.53
1223,2019-12-16,155.11,155.9,154.82,155.53
1224,2019-12-17,155.45,155.71,154.45,154.69
1225,2019-12-18,154.3,155.48,154.18,154.37
1226,2019-12-19,154.0,155.77,153.75,155.71
1227,2019-12-20,157.35,158.49,156.29,157.41
1228,2019-12-23,158.12,158.12,157.27,157.41
1229,2019-12-24,157.48,157.71,157.12,157.38
1230,2019-12-26,157.56,158.73,157.4,158.67
1231,2019-12-27,159.45,159.55,158.22,158.96
1232,2019-12-30,158.99,159.02,156.73,157.59
1233,2019-12-31,156.77,157.77,156.45,157.7
1234,2020-01-02,158.78,160.73,158.33,160.62
1235,2020-01-03,158.32,159.94,158.06,158.62
1236,2020-01-06,157.08,159.1,156.51,159.03
1237,2020-01-07,159.32,159.67,157.32,157.58
1238,2020-01-08,158.93,160.8,157.95,160.09
1239,2020-01-09,161.84,162.22,161.03,162.09
1240,2020-01-10,162.82,163.22,161.18,161.34
1241,2020-01-13,161.76,163.31,161.26,163.28
1242,2020-01-14,163.39,163.6,161.72,162.13
1243,2020-01-15,162.62,163.94,162.57,163.18
1244,2020-01-16,164.35,166.24,164.03,166.17
1245,2020-01-17,167.42,167.47,165.43,167.1
1246,2020-01-21,166.68,168.19,166.43,166.5
1247,2020-01-22,167.4,167.49,165.68,165.7
1248,2020-01-23,166.19,166.8,165.27,166.72
1249,2020-01-24,167.51,167.53,164.45,165.04
1250,2020-01-27,161.15,163.38,160.2,162.28
1251,2020-01-28,163.78,165.75,163.07,165.46
1252,2020-01-29,167.84,168.75,165.69,168.04
1253,2020-01-30,174.05,174.05,170.79,172.78
1254,2020-01-31,172.21,172.4,169.58,170.23
1255,2020-02-03,170.43,174.5,170.4,174.38
1256,2020-02-04,177.14,180.64,176.31,180.12
1257,2020-02-05,184.03,184.2,178.41,179.9
1258,2020-02-06,180.97,183.82,180.06,183.63
1259,2020-02-07,182.84,185.63,182.48,183.89
1260,2020-02-10,183.58,188.84,183.25,188.7
1261,2020-02-11,190.65,190.7,183.5,184.44
1262,2020-02-12,185.58,185.85,181.85,184.71
1263,2020-02-13,183.08,186.23,182.87,183.71
1264,2020-02-14,183.25,185.41,182.65,185.35
1265,2020-02-18,185.6,187.7,185.5,187.23
1266,2020-02-19,188.06,188.18,186.47,187.28
1267,2020-02-20,186.95,187.25,181.1,184.42
1268,2020-02-21,183.17,183.5,177.25,178.59
1269,2020-02-24,167.77,174.55,163.23,170.89
1270,2020-02-25,174.2,174.84,167.65,168.07
1271,2020-02-26,169.71,173.26,168.21,170.17
1272,2020-02-27,163.32,167.03,157.98,158.18
1273,2020-02-28,152.41,163.71,152.0,162.01
1274,2020-03-02,165.31,172.92,162.31,172.79
1275,2020-03-03,173.8,175.0,162.26,164.51
1276,2020-03-04,168.49,170.7,165.62,170.55
1277,2020-03-05,166.04,170.87,165.69,166.27
1278,2020-03-06,162.61,163.11,156.0,161.57
1279,2020-03-09,151.0,157.75,150.0,150.62
1280,2020-03-10,158.16,161.03,152.58,160.92
1281,2020-03-11,157.13,157.7,151.15,153.63
1282,2020-03-12,145.3,153.47,138.58,139.06
1283,2020-03-13,147.5,161.91,140.73,158.83
1284,2020-03-16,140.0,149.35,135.0,135.42
1285,2020-03-17,140.0,147.5,135.0,146.57
1286,2020-03-18,138.0,146.0,135.02,140.4
1287,2020-03-19,142.77,150.15,139.0,142.71
1288,2020-03-20,146.0,147.1,135.86,137.35
1289,2020-03-23,137.01,140.57,132.52,135.98
1290,2020-03-24,143.75,149.6,141.27,148.34
1291,2020-03-25,148.91,154.33,144.44,146.92
1292,2020-03-26,148.4,156.66,148.37,156.11
1293,2020-03-27,151.75,154.89,149.2,149.7
1294,2020-03-30,152.44,160.6,150.01,160.23
1295,2020-03-31,159.4,164.78,156.56,157.71
1296,2020-04-01,153.0,157.75,150.82,152.11
1297,2020-04-02,151.86,155.48,150.36,155.26
1298,2020-04-03,155.1,157.38,152.19,153.83
1299,2020-04-06,160.32,166.5,157.58,165.27
1300,2020-04-07,169.59,170.0,163.26,163.49
1301,2020-04-08,165.67,166.67,163.5,165.13
1302,2020-04-09,166.36,167.37,163.33,165.14
1303,2020-04-13,164.35,165.57,162.3,165.51
1304,2020-04-14,169.0,173.75,168.0,173.7
1305,2020-04-15,171.2,173.57,169.24,171.88
1306,2020-04-16,174.3,177.28,172.9,177.04
1307,2020-04-17,179.5,180.0,175.87,178.6
1308,2020-04-20,176.63,178.75,174.99,175.06
1309,2020-04-21,173.5,173.67,166.11,167.82
1310,2020-04-22,171.39,174.0,170.82,173.52
1311,2020-04-23,174.11,175.06,170.91,171.42
1312,2020-04-24,172.06,174.56,170.71,174.55
1313,2020-04-27,176.59,176.9,173.3,174.05
1314,2020-04-28,175.59,175.67,169.39,169.81
1315,2020-04-29,173.22,177.68,171.88,177.43
1316,2020-04-30,180.0,180.4,176.23,179.21
1317,2020-05-01,175.8,178.64,174.01,174.57
1318,2020-05-04,174.49,179.0,173.8,178.84
1319,2020-05-05,180.62,183.65,179.9,180.76
1320,2020-05-06,182.08,184.2,181.63,182.54
1321,2020-05-07,184.17,184.55,182.58,183.6
1322,2020-05-08,184.98,185.0,183.36,184.68
1323,2020-05-11,183.15,187.51,182.85,186.74
1324,2020-05-12,186.8,187.04,182.3,182.51
1325,2020-05-13,182.55,184.05,176.54,179.75
1326,2020-05-14,177.54,180.69,175.68,180.53
1327,2020-05-15,179.06,187.06,177.0,183.16
1328,2020-05-18,185.75,186.2,183.96,184.91
1329,2020-05-19,185.03,186.6,183.49,183.63
1330,2020-05-20,184.81,185.85,183.94,185.66
1331,2020-05-21,185.4,186.67,183.29,183.43
1332,2020-05-22,183.19,184.46,182.54,183.51
1333,2020-05-26,186.34,186.5,181.1,181.57
1334,2020-05-27,180.2,181.99,176.6,181.81
1335,2020-05-28,180.74,184.15,180.38,181.4
1336,2020-05-29,182.73,184.27,180.41,183.25
1337,2020-06-01,182.54,183.0,181.46,182.83
1338,2020-06-02,184.25,185.0,181.35,184.91
1339,2020-06-03,184.81,185.94,183.58,185.36
1340,2020-06-04,184.3,185.84,182.3,182.92
1341,2020-06-05,182.62,187.73,182.01,187.2
1342,2020-06-08,185.94,188.55,184.44,188.36
1343,2020-06-09,188.0,190.7,187.26,189.8
1344,2020-06-10,191.12,198.52,191.01,196.84
1345,2020-06-11,193.13,195.76,186.07,186.27
1346,2020-06-12,190.54,191.72,185.18,187.74
1347,2020-06-15,184.58,190.82,184.01,188.94
1348,2020-06-16,192.89,195.58,191.46,193.57
1349,2020-06-17,195.03,196.32,193.69,194.24
1350,2020-06-18,194.0,196.49,194.0,196.32
1351,2020-06-19,198.59,199.29,194.37,195.15
1352,2020-06-22,195.79,200.76,195.23,200.57
1353,2020-06-23,202.09,203.95,201.43,201.91
1354,2020-06-24,201.6,203.25,196.56,197.84
1355,2020-06-25,197.8,200.61,195.47,200.34
1356,2020-06-26,199.73,199.89,194.88,196.33
1357,2020-06-29,195.78,198.53,193.55,198.44
1358,2020-06-30,197.88,204.4,197.74,203.51
1359,2020-07-01,203.14,206.35,201.77,204.7
1360,2020-07-02,205.68,208.02,205.0,206.26
1361,2020-07-06,208.83,211.13,208.09,210.7
1362,2020-07-07,210.45,214.67,207.99,208.25
1363,2020-07-08,210.07,213.26,208.69,212.83
1364,2020-07-09,216.33,216.38,211.47,214.32
1365,2020-07-10,213.62,214.08,211.08,213.67
1366,2020-07-13,214.48,215.8,206.5,207.07
1367,2020-07-14,206.13,208.85,202.03,208.35
1368,2020-07-15,209.56,211.33,205.03,208.04
1369,2020-07-16,205.4,205.7,202.31,203.92
1370,2020-07-17,204.47,205.04,201.39,202.88
1371,2020-07-20,205.0,212.3,203.01,211.6
1372,2020-07-21,213.66,213.94,208.03,208.75
1373,2020-07-22,209.2,212.3,208.39,211.75
1374,2020-07-23,207.19,210.92,202.15,202.54
1375,2020-07-24,200.42,202.86,197.51,201.3
1376,2020-07-27,201.47,203.97,200.86,203.85
1377,2020-07-28,203.61,204.7,201.74,202.02
1378,2020-07-29,202.5,204.65,202.01,204.06
1379,2020-07-31,204.4,205.1,199.01,205.01
1380,2020-08-03,211.52,217.64,210.44,216.54
1381,2020-08-04,214.17,214.77,210.31,213.29
1382,2020-08-05,214.9,215.0,211.57,212.94
1383,2020-08-06,212.34,216.37,211.55,216.35
1384,2020-08-07,214.85,215.7,210.93,212.48
1385,2020-08-10,211.67,211.88,206.35,208.25
1386,2020-08-11,207.16,207.65,203.14,203.38
1387,2020-08-12,205.29,210.28,204.75,209.19
1388,2020-08-13,209.44,211.35,208.15,208.7
1389,2020-08-14,208.76,209.59,207.51,208.9
1390,2020-08-17,209.6,211.19,208.91,210.28
1391,2020-08-18,210.53,212.36,209.21,211.49
1392,2020-08-19,211.49,212.1,209.25,209.7
1393,2020-08-20,209.54,215.0,208.91,214.58
1394,2020-08-21,213.86,216.25,212.85,213.02
1395,2020-08-24,214.79,215.52,212.43,213.69
1396,2020-08-25,213.1,216.61,213.1,216.47
1397,2020-08-26,217.88,222.09,217.36,221.15
1398,2020-08-28,228.18,230.64,226.58,228.91
1399,2020-08-31,227.0,228.7,224.31,225.53
1400,2020-09-01,225.51,227.45,224.43,227.27
1401,2020-09-02,227.97,232.86,227.35,231.65
1402,2020-09-03,229.27,229.31,214.96,217.3
1403,2020-09-04,215.1,218.36,205.19,214.25
1404,2020-09-08,206.5,210.03,202.2,202.66
1405,2020-09-09,207.6,214.84,206.7,211.29
1406,2020-09-10,213.4,214.74,204.11,205.37
1407,2020-09-11,207.2,208.63,201.24,204.03
1408,2020-09-14,204.24,209.2,204.03,205.41
1409,2020-09-15,208.42,209.78,206.93,208.78
1410,2020-09-16,210.62,210.65,204.64,205.05
1411,2020-09-17,200.05,204.33,199.96,202.91
1412,2020-09-18,202.8,203.65,196.25,200.39
1413,2020-09-21,197.19,202.71,196.38,202.54
1414,2020-09-22,205.06,208.1,202.07,207.42
1415,2020-09-23,207.9,208.1,200.03,200.59
1416,2020-09-24,199.85,205.57,199.2,203.19
1417,2020-09-25,203.55,209.04,202.54,207.82
1418,2020-09-28,210.88,212.57,208.06,209.44
1419,2020-09-29,209.35,210.07,206.81,207.26
1420,2020-09-30,207.73,211.98,206.54,210.33
1421,2020-10-01,213.49,213.99,211.32,212.46
1422,2020-10-02,208.0,210.99,205.54,206.19
1423,2020-10-05,207.22,210.41,206.98,210.38
1424,2020-10-06,208.82,210.18,204.82,205.91
1425,2020-10-07,207.06,210.11,206.72,209.83
1426,2020-10-08,210.51,211.19,208.32,210.58
1427,2020-10-09,211.23,215.86,211.23,215.81
1428,2020-10-12,218.79,223.86,216.81,221.4
1429,2020-10-13,222.72,225.21,220.43,222.86
1430,2020-10-14,223.0,224.22,219.13,220.86
1431,2020-10-15,217.1,220.36,216.01,219.66
1432,2020-10-16,220.15,222.29,219.32,219.66
1433,2020-10-19,220.41,222.3,213.72,214.22
1434,2020-10-20,215.8,217.37,213.09,214.65
1435,2020-10-21,213.12,216.92,213.12,214.8
1436,2020-10-22,213.93,216.06,211.7,214.89
1437,2020-10-23,215.03,216.28,213.16,216.23
1438,2020-10-26,213.85,216.34,208.1,210.08
1439,2020-10-27,211.59,214.67,210.33,213.25
1440,2020-10-28,207.67,208.84,202.1,202.68
1441,2020-10-29,204.07,207.36,203.37,204.72
1442,2020-10-30,203.5,204.29,199.62,202.47
1443,2020-11-02,204.29,205.28,200.12,202.33
1444,2020-11-03,203.89,208.12,203.12,206.43
1445,2020-11-04,214.02,218.32,212.42,216.39
1446,2020-11-05,222.04,224.12,221.15,223.29
1447,2020-11-06,222.26,224.36,218.03,223.72
1448,2020-11-09,224.44,228.12,217.88,218.39
1449,2020-11-10,214.5,216.5,209.72,211.01
1450,2020-11-11,212.39,218.04,212.2,216.55
1451,2020-11-12,217.21,219.11,214.46,215.44
1452,2020-11-13,216.36,217.42,214.16,216.51
1453,2020-11-16,214.87,217.74,214.52,217.23
1454,2020-11-17,216.1,217.68,214.08,214.46
1455,2020-11-18,213.65,215.17,210.93,211.08
1456,2020-11-19,211.38,213.03,209.93,212.42
1457,2020-11-20,212.2,213.28,210.0,210.39
1458,2020-11-23,210.95,212.29,208.16,210.11
1459,2020-11-24,209.59,214.25,208.86,213.86
1460,2020-11-25,215.11,215.29,212.46,213.87
1461,2020-11-24,209.59,214.25,208.86,213.86
1462,2020-11-25,215.11,215.29,212.46,213.87
1463,2020-11-27,214.85,216.27,214.04,215.23
1464,2020-11-30,214.11,214.76,210.835,214.07
1465,2020-12-01,214.51,217.32,213.35,216.21
1466,2020-12-02,215.0,215.47,212.8,215.37
1467,2020-12-03,214.61,216.3757,213.65,214.24
1468,2020-12-04,214.22,215.38,213.18,214.36
1469,2020-12-07,214.37,215.54,212.99,214.29
